Name,Search Keyword,Resource Path,Groups
combine,unclassified,skill/combine.html,
eclipse,unclassified,skill/eclipse.html,
aquadata,unclassified,skill/aquadata.html,
segment,unclassified,skill/segment.html,
nexus,unclassified,skill/nexus.html,
fisheye,unclassified,skill/fisheye.html,
container,unclassified,skill/container.html,
hyperion,unclassified,skill/hyperion.html,
studs,unclassified,skill/studs.html,
kepler,unclassified,skill/kepler.html,
dat,unclassified,skill/dat.html,
modular,unclassified,skill/modular.html,
mantis,unclassified,skill/mantis.html,
jcr,unclassified,skill/jcr.html,
swing,unclassified,skill/swing.html,
ali-cloud,unclassified,skill/ali-cloud.html,
espresso,unclassified,skill/espresso.html,
retrofit,unclassified,skill/retrofit.html,
graphite,unclassified,skill/graphite.html,
stripe,unclassified,skill/stripe.html,
lora,unclassified,skill/lora.html,
fn,unclassified,skill/fn.html,
fission,unclassified,skill/fission.html,
relay,unclassified,skill/relay.html,
dojo,unclassified,skill/dojo.html,
endur,unclassified,skill/endur.html,
zeppelin,unclassified,skill/zeppelin.html,
photoshop,unclassified,skill/photoshop.html,
entity,unclassified,skill/entity.html,
mq,unclassified,skill/mq.html,
polymer,unclassified,skill/polymer.html,
dash,unclassified,skill/dash.html,
enzyme,unclassified,skill/enzyme.html,
xray,unclassified,skill/xray.html,
epoxy,unclassified,skill/epoxy.html,
adobe xd,unclassified,skill/adobe xd.html,
tencent,unclassified,skill/tencent.html,
insomnia,unclassified,skill/insomnia.html,
hudson,unclassified,skill/hudson.html,
quasar,unclassified,skill/quasar.html,
aliyun,unclassified,skill/aliyun.html,
graven,unclassified,skill/graven.html,
kvs,unclassified,skill/kvs.html,
ranger,unclassified,skill/ranger.html,
iss,unclassified,skill/iss.html,
concourse,unclassified,skill/concourse.html,
busted,unclassified,skill/busted.html,
jackson,unclassified,skill/jackson.html,
bottle,unclassified,skill/bottle.html,
quartz,unclassified,skill/quartz.html,
charles,unclassified,skill/charles.html,
fresco,unclassified,skill/fresco.html,
openauth,unclassified,skill/openauth.html,
amplitude,unclassified,skill/amplitude.html,
amber,unclassified,skill/amber.html,
canal,unclassified,skill/canal.html,
onemap,unclassified,skill/onemap.html,
jersey,unclassified,skill/jersey.html,
drone,unclassified,skill/drone.html,
ireport,unclassified,skill/ireport.html,
ems,unclassified,skill/ems.html,
unicon,unclassified,skill/unicon.html,
mocha,unclassified,skill/mocha.html,
edb,unclassified,skill/edb.html,
viper,unclassified,skill/viper.html,
cocoa framework,unclassified,skill/cocoa framework.html,
sonar,unclassified,skill/sonar.html,
scout,unclassified,skill/scout.html,
trac,unclassified,skill/trac.html,
nose,unclassified,skill/nose.html,
ecr,unclassified,skill/ecr.html,
bourne,unclassified,skill/bourne.html,
code climate,unclassified,skill/code climate.html,
gauge,unclassified,skill/gauge.html,
jws,unclassified,skill/jws.html,
hooks,unclassified,skill/hooks.html,
leaflet,unclassified,skill/leaflet.html,
karma,unclassified,skill/karma.html,
adobe,unclassified,skill/adobe.html,
fink,unclassified,skill/fink.html,
spa,unclassified,skill/spa.html,
karate,unclassified,skill/karate.html,
mvp,unclassified,skill/mvp.html,
flux,unclassified,skill/flux.html,
yii framework,unclassified,skill/yii framework.html,
metal,unclassified,skill/metal.html,
cvs,unclassified,skill/cvs.html,
dapresy,unclassified,skill/dapresy.html,
abc,unclassified,skill/abc.html,
autonomy,unclassified,skill/autonomy.html,
apollo,unclassified,skill/apollo.html,
bamboo,unclassified,skill/bamboo.html,
mode,unclassified,skill/mode.html,
