Name,Search Keyword,Resource Path
microsoft sql,microsoft sql,microsoft sql.html
spring mvc,spring mvc,spring mvc.html
iq server,iq server,iq server.html
spring security,spring security,spring security.html
spark graphx,spark graphx,spark graphx.html
t sql,t sql,t sql.html
spring batch,spring batch,spring batch.html
spring integration,spring integration,spring integration.html
container,container in tech,container.html
microsoft sql server,microsoft sql server,microsoft sql server.html
spring web,spring web,spring web.html
spring jpa,spring jpa,spring jpa.html
windows batch,windows batch,windows batch.html
oracle database,oracle database,oracle database.html
spring gateway,spring gateway,spring gateway.html
